1,chris,macfarlane,chris@hotmail.com,"31 upper rd",sackville,"nova scotia",b3n-2n4,902-222-2222,1991-05-16
2,"testing again",macdougle,billy@outlook.com,"12 lower street",halifax,"nova scotia",c5n-6f3,,1950-01-10
3," Chris"," Macfarlane"," a@hotmail.com"," 42 glendale"," halifax"," ns"," b4e4eb"," 9022338856",1991-05-16
4,"UPDATE AGAIN",Macdoug,f@outlook.com,"31 shmet creek",bedford,NS,"b3e 4m",9025556666,1990-02-12
5," changed ONE MORE"," Doggf"," click@gmail.com"," Apt 23 Rou rou"," sackville"," NB"," b3f3b3"," 5063333333",1980-12-01
6," ADDING ONE MORE"," Doggf"," click@gmail.com"," Apt 23 Rou rou"," sackville"," NB"," b3f3b3"," 5063333333",1980-12-01
7," NEW"," Doggf"," click@gmail.com"," Apt 23 Rou rou"," sackville"," NB"," b3f3b3"," 5063333333",1980-12-01
8,"NEW AGAIN",,,,,,,,0000-00-00
